/*
SQLyog Community v12.4.3 (64 bit)
MySQL - 8.0.12 : Database - logintest
*********************************************************************
*/

/*!40101 SET NAMES utf8 */;

/*!40101 SET SQL_MODE=''*/;

/*!40014 SET @OLD_UNIQUE_CHECKS=@@UNIQUE_CHECKS, UNIQUE_CHECKS=0 */;
/*!40014 SET @OLD_FOREIGN_KEY_CHECKS=@@FOREIGN_KEY_CHECKS, FOREIGN_KEY_CHECKS=0 */;
/*!40101 SET @OLD_SQL_MODE=@@SQL_MODE, SQL_MODE='NO_AUTO_VALUE_ON_ZERO' */;
/*!40111 SET @OLD_SQL_NOTES=@@SQL_NOTES, SQL_NOTES=0 */;
CREATE DATABASE /*!32312 IF NOT EXISTS*/`logintest` /*!40100 DEFAULT CHARACTER SET utf8mb4 COLLATE utf8mb4_0900_ai_ci */;

USE `logintest`;

/*Table structure for table `brand` */

DROP TABLE IF EXISTS `brand`;

CREATE TABLE `brand` (
  `brandid` int(11) NOT NULL,
  `brandname` varchar(45) DEFAULT NULL,
  `brandref` int(11) DEFAULT NULL,
  PRIMARY KEY (`brandid`)
) ENGINE=InnoDB DEFAULT CHARSET=utf8mb4 COLLATE=utf8mb4_0900_ai_ci;

/*Data for the table `brand` */

insert  into `brand`(`brandid`,`brandname`,`brandref`) values 
(1,'Suzuki',0),
(2,'Tata Motors',0),
(3,'Honda',0),
(4,'Ford',0),
(5,'Hyundai',0),
(6,'Renault India',0),
(7,'Volkswagen',0),
(8,'Mahindra & Mahindra',0),
(9,'Toyota',0),
(10,'Force',0),
(11,'Audi',0),
(12,'Mercedes benz',0),
(13,'BMW',0),
(14,'Land rover',0),
(15,'Nissan',0),
(16,'Jaguar',0),
(17,'Mini',0),
(18,'Bentley',0),
(19,'Rolls Royce',0),
(20,'Skoda',0),
(21,'Lexus',0),
(22,'Farari',0),
(23,'Jeep',0),
(24,'Porsche',0),
(25,'Volvo',0);

/*Table structure for table `cardataset` */

DROP TABLE IF EXISTS `cardataset`;

CREATE TABLE `cardataset` (
  `brandname` varchar(50) DEFAULT NULL,
  `modelname` varchar(50) DEFAULT NULL,
  `engine displacement` varchar(50) DEFAULT NULL,
  `id` int(11) NOT NULL,
  `power(ps)` int(11) DEFAULT NULL,
  `torque(nm)` int(11) DEFAULT NULL,
  `transmission` varchar(50) DEFAULT NULL,
  `mileage(kmp/l)` int(11) DEFAULT NULL,
  `seating capacity` int(11) DEFAULT NULL,
  `variants` varchar(50) DEFAULT NULL,
  `bootspace` varchar(50) DEFAULT NULL,
  `safetyrating(ARAI)` varchar(50) DEFAULT NULL,
  `price(ex.showroom:kochi)` varchar(50) DEFAULT NULL,
  PRIMARY KEY (`id`)
) ENGINE=InnoDB DEFAULT CHARSET=utf8mb4 COLLATE=utf8mb4_0900_ai_ci;

/*Data for the table `cardataset` */

/*Table structure for table `feature` */

DROP TABLE IF EXISTS `feature`;

CREATE TABLE `feature` (
  `id` int(11) NOT NULL,
  `variant_id` int(11) DEFAULT NULL,
  `a/c` varchar(25) DEFAULT NULL,
  `rear defogger` tinyint(1) DEFAULT NULL,
  `central/remote locking` varchar(20) DEFAULT NULL,
  `power windows` varchar(20) DEFAULT NULL,
  `parking sensor` tinyint(1) DEFAULT NULL,
  `esp` tinyint(1) DEFAULT NULL,
  `abs` tinyint(1) DEFAULT NULL,
  `airbags` int(1) DEFAULT NULL,
  `Navigation System` tinyint(1) DEFAULT NULL,
  PRIMARY KEY (`id`),
  KEY `feature_varient_fk` (`variant_id`),
  CONSTRAINT `feature_varient_fk` FOREIGN KEY (`variant_id`) REFERENCES `variant` (`id`) ON DELETE CASCADE ON UPDATE CASCADE
) ENGINE=InnoDB DEFAULT CHARSET=utf8mb4 COLLATE=utf8mb4_0900_ai_ci;

/*Data for the table `feature` */

/*Table structure for table `id` */

DROP TABLE IF EXISTS `id`;

CREATE TABLE `id` (
  `id` int(11) NOT NULL,
  `name` varchar(35) DEFAULT NULL,
  `parent_id` int(11) DEFAULT NULL,
  PRIMARY KEY (`id`)
) ENGINE=InnoDB DEFAULT CHARSET=utf8mb4 COLLATE=utf8mb4_0900_ai_ci;

/*Data for the table `id` */

insert  into `id`(`id`,`name`,`parent_id`) values 
(1,'Suzuki',0),
(2,'Tata Motors',0),
(3,'Honda',0),
(4,'Ford',0),
(5,'Hyundai',0),
(6,'Renault India',0),
(7,'Volkswagen',0),
(8,'Mahindra &amp; Mahindra',0),
(9,'Toyota',0),
(10,'Force',0),
(11,'Audi',0),
(12,'Mercedes benz',0),
(13,'BMW',0),
(14,'Land rover',0),
(15,'Nissan',0),
(16,'Jaguar',0),
(17,'Mini',0),
(18,'Bentley',0),
(19,'Rolls Royce',0),
(20,'Skoda',0),
(21,'Lexus',0),
(22,'Farari',0),
(23,'Jeep',0),
(24,'Porsche',0),
(25,'Volvo',0);

/*Table structure for table `login` */

DROP TABLE IF EXISTS `login`;

CREATE TABLE `login` (
  `id` int(11) NOT NULL AUTO_INCREMENT,
  `firstname` varchar(50) CHARACTER SET utf8mb4 COLLATE utf8mb4_0900_ai_ci DEFAULT NULL,
  `lastname` varchar(50) CHARACTER SET utf8mb4 COLLATE utf8mb4_0900_ai_ci DEFAULT NULL,
  `Email` varchar(50) CHARACTER SET utf8mb4 COLLATE utf8mb4_0900_ai_ci DEFAULT NULL,
  `State` varchar(50) DEFAULT NULL,
  `city` varchar(50) DEFAULT NULL,
  `username` varchar(50) CHARACTER SET utf8mb4 COLLATE utf8mb4_0900_ai_ci DEFAULT NULL,
  `password` varchar(50) DEFAULT NULL,
  PRIMARY KEY (`id`)
) ENGINE=InnoDB AUTO_INCREMENT=12 DEFAULT CHARSET=utf8mb4 COLLATE=utf8mb4_0900_ai_ci;

/*Data for the table `login` */

insert  into `login`(`id`,`firstname`,`lastname`,`Email`,`State`,`city`,`username`,`password`) values 
(1,'sreenath','gr','gr.sreenat@gmail.com','kerala','thrissur','sreenath','1234'),
(2,'bharath','d','iambharat@gmail.com','kerala','trivandrum','bharath','123'),
(3,'shahala','kareem','shahalakareem95@gmail.com','kerala','malappuram','shahala','12'),
(4,'abdul','samad','abdulsamadev@gmail.com','kerala','malappuram','samad','12345'),
(5,'sreenath','fd','grfdsaf','fdsa','fdsa','fdsa','hello'),
(6,'gh','dfs','fsd','fds','fsd','fsd','sre'),
(7,'fdsafas','fdsa','dsf','fdas','fdas','fdas','fdas'),
(8,'fdsa','fds','fdsa','fdsaf','fdsa','fds','1234'),
(9,'fgsafs','fdas','fdasfads','fdas','fdas','ff','ff'),
(10,'fdsa','fdas','fdas','fdasf','fdsa','fd','123'),
(11,'fdas','fds','fds','df','gfd','gfd','gfd');

/*Table structure for table `model` */

DROP TABLE IF EXISTS `model`;

CREATE TABLE `model` (
  `id` int(50) NOT NULL,
  `modelname` varchar(50) CHARACTER SET utf8mb4 COLLATE utf8mb4_0900_ai_ci DEFAULT NULL,
  `image` blob,
  `brandid` int(11) DEFAULT NULL,
  `modelref` int(11) DEFAULT NULL,
  PRIMARY KEY (`id`),
  KEY `brand_model_fk` (`brandid`),
  CONSTRAINT `brand_model_fk` FOREIGN KEY (`brandid`) REFERENCES `brand` (`brandid`) ON DELETE CASCADE ON UPDATE CASCADE
) ENGINE=InnoDB DEFAULT CHARSET=utf8mb4 COLLATE=utf8mb4_0900_ai_ci;

/*Data for the table `model` */

insert  into `model`(`id`,`modelname`,`image`,`brandid`,`modelref`) values 
(1,'K10','C:\\PROJECT DATA COLLECTION\\Suzuki\\alto k10.jpg',1,1),
(2,'ALTO 800','C:\\PROJECT DATA COLLECTION\\Suzuki\\alto 800.jpg',1,1),
(3,'WAGON R','C:\\PROJECT DATA COLLECTION\\Suzuk\\wagon r.jpg',1,1),
(4,'CELERIO','C:\\PROJECT DATA COLLECTION\\Suzuki\\celerio.jpg',1,1),
(5,'CELERIO X','C:\\PROJECT DATA COLLECTION\\Suzuki\\celerio x.jpg',1,1),
(6,'SWIFT','C:\\PROJECT DATA COLLECTION\\Suzuki\\swift.jpg',1,1),
(7,'BALENO','C:\\PROJECT DATA COLLECTION\\Suzuki\\baleno.jpg',1,1),
(8,'IGNIS','C:\\PROJECT DATA COLLECTION\\Suzuki\\ignis.jpg',1,1),
(9,'BALENO RS','C:\\PROJECT DATA COLLECTION\\Suzuki\\baleno rs.jpg',1,1),
(10,'DZIRE','C:\\PROJECT DATA COLLECTION\\Suzuki\\dzire.jpg',1,1),
(11,'CIAZ','C:\\PROJECT DATA COLLECTION\\Suzuki\\ciaz.jpg',1,1),
(12,'S-CROSS','C:\\PROJECT DATA COLLECTION\\Suzuki\\s-cross.jpg',1,1),
(13,'VITARA BRAZZA','C:\\PROJECT DATA COLLECTION\\Suzuki\\vitara brezza.jpg',1,1),
(14,'ERTIGA','C:\\PROJECT DATA COLLECTION\\Suzuki\\ertiga.jpg',1,1),
(15,'GYPSY','C:\\PROJECT DATA COLLECTION\\Suzuki\\gypsy.jpg',1,1),
(16,'OMNI','C:\\PROJECT DATA COLLECTION\\Suzuki\\omni.jpg',1,1),
(17,'EECO','C:\\PROJECT DATA COLLECTION\\Suzuki\\eeco.jpg',1,1),
(18,'GEN X NANO','C:\\PROJECT DATA COLLECTION\\Tata\\.jpg',2,1),
(19,'TIAGO','C:\\PROJECT DATA COLLECTION\\Tata\\tiago.jpg',2,1),
(20,'BOLT','C:\\PROJECT DATA COLLECTION\\Tata\\bolt.jpg',2,1),
(21,'TIGOR','C:\\PROJECT DATA COLLECTION\\Tata\\tigor.jpg',2,1),
(22,'ZEST','C:\\PROJECT DATA COLLECTION\\Tata\\zext.jpg',2,1),
(23,'NEXON','C:\\PROJECT DATA COLLECTION\\Tata\\nexon.jpg',2,1),
(24,'HEXA','C:\\PROJECT DATA COLLECTION\\Tata\\hexa.jpg',2,1),
(25,'SAFARI STORM','C:\\PROJECT DATA COLLECTION\\Tata\\safari storme.jpg',2,1),
(26,'BRIO','http://localhost:8080/FOURWHEELDEALS/PROJECT%20DATA%20COLLECTION/Ford/brio.jpg',3,1),
(27,'AMAZE','C:\\PROJECT DATA COLLECTION\\Honda\\amaze.jpg			',3,1),
(28,'JAZZ','http://localhost:8080/FOURWHEELDEALS/PROJECT%20DATA%20COLLECTION/Ford/jazz.jpg',3,1),
(29,'WR-V','http://localhost:8080/FOURWHEELDEALS/PROJECT%20DATA%20COLLECTION/Ford/wr-v.jpg',3,1),
(30,'CITY','http://localhost:8080/FOURWHEELDEALS/PROJECT%20DATA%20COLLECTION/Ford/city.jpg',3,1),
(31,'BR-V','http://localhost:8080/FOURWHEELDEALS/PROJECT%20DATA%20COLLECTION/Honda/br-v.jpg',3,1),
(32,'CR-V','http://localhost:8080/FOURWHEELDEALS/PROJECT%20DATA%20COLLECTION/Ford/cr-v.jpg',3,1),
(33,'ACCORD','http://localhost:8080/FOURWHEELDEALS/PROJECT%20DATA%20COLLECTION/Honda/accord.jpg',3,1),
(34,'FIGO','http://localhost:8080/FOURWHEELDEALS/PROJECT%20DATA%20COLLECTION/Ford/figo.jpg	',4,1),
(35,'ASPIRE','http://localhost:8080/FOURWHEELDEALS/PROJECT%20DATA%20COLLECTION/Ford/aspire.jpg',4,1),
(36,'ECO SPORT','http://localhost:8080/FOURWHEELDEALS/PROJECT%20DATA%20COLLECTION/Ford/ecosport.jpg',4,1),
(37,'ENDEAVOUR','http://localhost:8080/FOURWHEELDEALS/PROJECT%20DATA%20COLLECTION/Ford/endeavour.jpg',4,1),
(38,'FREESTYLE','http://localhost:8080/FOURWHEELDEALS/PROJECT%20DATA%20COLLECTION/Ford/freestyle.jpg',4,1),
(39,'MUSTANG','http://localhost:8080/FOURWHEELDEALS/PROJECT%20DATA%20COLLECTION/Ford/mustang.jpg',4,1),
(40,'EON','http://localhost:8080/FOURWHEELDEALS/PROJECT%20DATA%20COLLECTION/Hyundai/eon.jpg',5,1),
(41,'SANTRO','http://localhost:8080/FOURWHEELDEALS/PROJECT%20DATA%20COLLECTION/Hyundai/santro.jpg',5,1),
(42,'GRAND i10','http://localhost:8080/FOURWHEELDEALS/PROJECT%20DATA%20COLLECTION/Hyundai/grand i10.jpg',5,1),
(43,'XCENT','http://localhost:8080/FOURWHEELDEALS/PROJECT%20DATA%20COLLECTION/Hyundai/xcent.jpg',5,1),
(44,'ELITE i20','http://localhost:8080/FOURWHEELDEALS/PROJECT%20DATA%20COLLECTION/Hyundai/elite i20.jpg',5,1),
(45,'i20 ACTIVE','http://localhost:8080/FOURWHEELDEALS/PROJECT%20DATA%20COLLECTION/Hyundai/i20 active.jpg',5,1),
(46,'VERNA','http://localhost:8080/FOURWHEELDEALS/PROJECT%20DATA%20COLLECTION/Hyundai/verna.jpg',5,1),
(47,'ELANTRA','http://localhost:8080/FOURWHEELDEALS/PROJECT%20DATA%20COLLECTION/Hyundai/elantra.jpg',5,1),
(48,'CRETA','http://localhost:8080/FOURWHEELDEALS/PROJECT%20DATA%20COLLECTION/Hyundai/creta.jpg',5,1),
(49,'TUCSON','http://localhost:8080/FOURWHEELDEALS/PROJECT%20DATA%20COLLECTION/Hyundai/tucson.jpg',5,1),
(50,'KWID','C:\\PROJECT DATA COLLECTION\\Renault\\kwid.jpg',6,1),
(51,'DUSTER','C:\\PROJECT DATA COLLECTION\\Renault\\duster.jpg',6,1),
(52,'LODGY','C:\\PROJECT DATA COLLECTION\\Renault\\lodgy.jpg',6,1),
(53,'CAPTUR','C:\\PROJECT DATA COLLECTION\\Renault\\captur.jpg',6,1),
(54,'POLO','C:\\PROJECT DATA COLLECTION\\Volkswagen\\polo.jpg',7,1),
(55,'POLO GT','C:\\PROJECT DATA COLLECTION\\Volkswagen\\polo gt.jpg',7,1),
(56,'VENTO','C:\\PROJECT DATA COLLECTION\\Volkswagen\\vento.jpg',7,1),
(57,'AMEO','C:\\PROJECT DATA COLLECTION\\Volkswagen\\ameo.jpg',7,1),
(58,'TIGUAN','C:\\PROJECT DATA COLLECTION\\Volkswagen\\tiguan.jpg',7,1),
(59,'PASSAT','C:\\PROJECT DATA COLLECTION\\Volkswagen\\passat.jpg',7,1),
(60,'KUV 100','C:\\PROJECT DATA COLLECTION\\Mahindra\\kuv 100.jpg',8,1),
(61,'NUVO SPORT','C:\\PROJECT DATA COLLECTION\\Mahindra\\nuvo.jpg',8,1),
(62,'TUV 300','C:\\PROJECT DATA COLLECTION\\Mahindra\\tuv 300.jpg',8,1),
(63,'THAR','C:\\PROJECT DATA COLLECTION\\Mahindra\\thar.jpg',8,1),
(64,'XUV 500','C:\\PROJECT DATA COLLECTION\\Mahindra\\xuv 500.jpg',8,1),
(65,'BOLERO','C:\\PROJECT DATA COLLECTION\\Mahindra\\bolero.jpg',8,1),
(66,'SCORPIO','C:\\PROJECT DATA COLLECTION\\Mahindra\\scorpio.jpg',8,1),
(67,'VERITO','C:\\PROJECT DATA COLLECTION\\Mahindra\\verito.jpg',8,1),
(68,'VERITO VIBE','C:\\PROJECT DATA COLLECTION\\Mahindra\\verito vibe.jpg',8,1),
(69,'XYLO','C:\\PROJECT DATA COLLECTION\\Mahindra\\xylo.jpg',8,1),
(70,'MARAZZO','C:\\PROJECT DATA COLLECTION\\Mahindra\\marazzo.jpg',8,1),
(71,'ETIOS LIVA','C:\\PROJECT DATA COLLECTION\\Toyota\\liva.jpg',9,1),
(72,'ETIOS','C:\\PROJECT DATA COLLECTION\\Toyota\\etios.jpg',9,1),
(73,'ETIOS CROSS','C:\\PROJECT DATA COLLECTION\\Toyota\\liva.jpg',9,1),
(74,'YARIS','C:\\PROJECT DATA COLLECTION\\Toyota\\yaris.jpg',9,1),
(75,'INNOVA TOURING SPORT','C:\\PROJECT DATA COLLECTION\\Toyota\\innova touring sport.jpg',9,1),
(76,'INNOVA CRYSTA','C:\\PROJECT DATA COLLECTION\\Toyota\\innova crysta.jpg',9,1),
(77,'ALTIS','C:\\PROJECT DATA COLLECTION\\Toyota\\altis.jpg',9,1),
(78,'FORTUNER','C:\\PROJECT DATA COLLECTION\\Toyota\\fortuner.jpg',9,1),
(79,'CAMRY','C:\\PROJECT DATA COLLECTION\\Toyota\\carmry.jpg',9,1),
(80,'PRIUS','C:\\PROJECT DATA COLLECTION\\Toyota\\prius.jpg',9,1),
(81,'PRADO','C:\\PROJECT DATA COLLECTION\\Toyota\\prado.jpg',9,1),
(82,'LAND CRUISER','C:\\PROJECT DATA COLLECTION\\Toyota\\land cruiser.jpg',9,1),
(83,'GURKHA','http://localhost:8080/FOURWHEELDEALS/PROJECT%20DATA%20COLLECTION/Force/gurkha.jpg',10,1),
(84,'A3','http://localhost:8080/FOURWHEELDEALS/PROJECT%20DATA%20COLLECTION/Audi/a3.jpg',11,1),
(85,'A4','http://localhost:8080/FOURWHEELDEALS/PROJECT%20DATA%20COLLECTION/Audi/a4.jpg',11,1),
(86,'A5','http://localhost:8080/FOURWHEELDEALS/PROJECT%20DATA%20COLLECTION/Audi/a5.jpg',11,1),
(87,'A6','http://localhost:8080/FOURWHEELDEALS/PROJECT%20DATA%20COLLECTION/Audi/a6.jpg',11,1),
(88,'A7','http://localhost:8080/FOURWHEELDEALS/PROJECT%20DATA%20COLLECTION/Audi/a3.jpg',11,1),
(89,'A8','http://localhost:8080/FOURWHEELDEALS/PROJECT%20DATA%20COLLECTION/Audi/a8.jpg',11,1),
(90,'Q3','http://localhost:8080/FOURWHEELDEALS/PROJECT%20DATA%20COLLECTION/Audi/q3.jpg',11,1),
(91,'Q5','http://localhost:8080/FOURWHEELDEALS/PROJECT%20DATA%20COLLECTION/Audi/q5.jpg',11,1),
(92,'Q7','http://localhost:8080/FOURWHEELDEALS/PROJECT%20DATA%20COLLECTION/Audi/q7.jpg',11,1),
(93,'RS7','http://localhost:8080/FOURWHEELDEALS/PROJECT%20DATA%20COLLECTION/Audi/rs7.jpg',11,1),
(94,'R8','http://localhost:8080/FOURWHEELDEALS/PROJECT%20DATA%20COLLECTION/Audi/r8.jpg',11,1),
(95,'TT','http://localhost:8080/FOURWHEELDEALS/PROJECT%20DATA%20COLLECTION/Audi/tt.jpg',11,1),
(96,'A-CLASS','C:\\PROJECT DATA COLLECTION\\Mercedes Benz\\a-class.jpg',12,1),
(97,'B-CLASS','C:\\PROJECT DATA COLLECTION\\Mercedes Benz\\b-class.jpg',12,1),
(98,'C-CLASS','C:\\PROJECT DATA COLLECTION\\Mercedes Benz\\c-class.jpg',12,1),
(99,'CLA','C:\\PROJECT DATA COLLECTION\\Mercedes Benz\\cla.jpg',12,1),
(100,'E-CLASS','C:\\PROJECT DATA COLLECTION\\Mercedes Benz\\e-class.jpg',12,1),
(101,'G WAGON','C:\\PROJECT DATA COLLECTION\\Mercedes Benz\\g wagon.jpg',12,1),
(102,'GLA','C:\\PROJECT DATA COLLECTION\\Mercedes Benz\\gla.jpg',12,1),
(103,'GLC','C:\\PROJECT DATA COLLECTION\\Mercedes Benz\\glc.jpg',12,1),
(104,'GLE','C:\\PROJECT DATA COLLECTION\\Mercedes Benz\\gle.jpg',12,1),
(105,'GLS','C:\\PROJECT DATA COLLECTION\\Mercedes Benz\\gls.jpg',12,1),
(106,'AMG GT','C:\\PROJECT DATA COLLECTION\\Mercedes Benz\\amg gt.jpg',12,1),
(107,'S-CLASS','C:\\PROJECT DATA COLLECTION\\Mercedes Benz\\s-class.jpg',12,1),
(108,'SLC','C:\\PROJECT DATA COLLECTION\\Mercedes Benz\\slc.jpg',12,1),
(109,'3-SERIES','http://localhost:8080/FOURWHEELDEALS/PROJECT%20DATA%20COLLECTION/BMW/3-series.jpg',13,1),
(110,'5-SERIES','http://localhost:8080/FOURWHEELDEALS/PROJECT%20DATA%20COLLECTION/BMW/5-series.jpg',13,1),
(111,'6-SERIES','http://localhost:8080/FOURWHEELDEALS/PROJECT%20DATA%20COLLECTION/BMW/6-series.jpg',13,1),
(112,'7-SERIES','http://localhost:8080/FOURWHEELDEALS/PROJECT%20DATA%20COLLECTION/BMW/7-series.jpg',13,1),
(113,'X1','http://localhost:8080/FOURWHEELDEALS/PROJECT%20DATA%20COLLECTION/BMW/x1.jpg',13,1),
(114,'X3','http://localhost:8080/FOURWHEELDEALS/PROJECT%20DATA%20COLLECTION/BMW/x3.jpg',13,1),
(115,'X5','http://localhost:8080/FOURWHEELDEALS/PROJECT%20DATA%20COLLECTION/BMW/x5.jpg',13,1),
(116,'X6','http://localhost:8080/FOURWHEELDEALS/PROJECT%20DATA%20COLLECTION/BMW/x6.jpg',13,1),
(117,'i8','http://localhost:8080/FOURWHEELDEALS/PROJECT%20DATA%20COLLECTION/BMW/i8.jpg',13,1),
(118,'DISCOVERY','http://localhost:8080/FOURWHEELDEALS/PROJECT%20DATA%20COLLECTION/Land Rover/discovery.jpg',14,1),
(119,'DISCOVERY SPORT','http://localhost:8080/FOURWHEELDEALS/PROJECT%20DATA%20COLLECTION/Land Rover/discovery sport.jpg',14,1),
(120,'RANGE ROVER','http://localhost:8080/FOURWHEELDEALS/PROJECT%20DATA%20COLLECTION/Land Rover/range rover sport.jpg',14,1),
(121,'RANGE ROVER EVOQUE','http://localhost:8080/FOURWHEELDEALS/PROJECT%20DATA%20COLLECTION/Land Rover/range rover evoque.jpg',14,1),
(122,'RANGE ROVER SPORT','http://localhost:8080/FOURWHEELDEALS/PROJECT%20DATA%20COLLECTION/Land Rover/range rover sport.jpg',14,1),
(123,'RANGE ROVER VELAR','http://localhost:8080/FOURWHEELDEALS/PROJECT%20DATA%20COLLECTION/Land Rover/range rover velar.jpg',14,1),
(124,'MICRA','C:\\PROJECT DATA COLLECTION\\Nissan\\micra.jpg',15,1),
(125,'SUNNY','C:\\PROJECT DATA COLLECTION\\Nissan\\sunny.jpg',15,1),
(126,'TERRANO','C:\\PROJECT DATA COLLECTION\\Nissan\\terrano.jpg',15,1),
(127,'GT-R','C:\\PROJECT DATA COLLECTION\\Nissan\\gt-r.jpg',15,1),
(128,'F-TYPE','http://localhost:8080/FOURWHEELDEALS/PROJECT%20DATA%20COLLECTION/Jaguar/f-type.jpg',16,1),
(129,'F-PACE','http://localhost:8080/FOURWHEELDEALS/PROJECT%20DATA%20COLLECTION/Jaguar/f-pace.jpg',16,1),
(130,'XE','http://localhost:8080/FOURWHEELDEALS/PROJECT%20DATA%20COLLECTION/Jaguar/xe.jpg',16,1),
(131,'XF','http://localhost:8080/FOURWHEELDEALS/PROJECT%20DATA%20COLLECTION/Jaguar/xf.jpg',16,1),
(132,'XJ','http://localhost:8080/FOURWHEELDEALS/PROJECT%20DATA%20COLLECTION/Jaguar/xj.jpg',16,1),
(133,'COOPER','C:\\PROJECT DATA COLLECTION\\Mini\\cooper.jpg',17,1),
(134,'CLUBMAN','C:\\PROJECT DATA COLLECTION\\Mini\\clubman.jpg',17,1),
(135,'COUNTRYMAN','C:\\PROJECT DATA COLLECTION\\Mini\\countryman.jpg',17,1),
(136,'CONTINENTAL-GT','http://localhost:8080/FOURWHEELDEALS/PROJECT%20DATA%20COLLECTION/Bentley/continental gt.jpg',18,1),
(137,'FLYING SPUR','http://localhost:8080/FOURWHEELDEALS/PROJECT%20DATA%20COLLECTION/Bentley/flying spur.jpg',18,1),
(138,'MULSANNE','http://localhost:8080/FOURWHEELDEALS/PROJECT%20DATA%20COLLECTION/Bentley/mulsanne.jpg',18,1),
(139,'BENTAYGA','http://localhost:8080/FOURWHEELDEALS/PROJECT%20DATA%20COLLECTION/Bentley/bentayga.jpg',18,1),
(140,'DAWN','C:\\PROJECT DATA COLLECTION\\Rolls Royce.jsp',19,1),
(141,'GOST','C:\\PROJECT DATA COLLECTION\\Rolls Royce\\gost.jpg',19,1),
(142,'WRAITH','C:\\PROJECT DATA COLLECTION\\Rolls Royce\\wraith.jpg',19,1),
(143,'PHANTOM','C:\\PROJECT DATA COLLECTION\\Rolls Royce\\phantom.jpg',19,1),
(144,'KODIAQ','C:\\PROJECT DATA COLLECTION\\Skoda\\kodiaq.jpg',20,1),
(145,'OCTAVIA','C:\\PROJECT DATA COLLECTION\\Skoda\\octavia.jpg',20,1),
(146,'RAPID','C:\\PROJECT DATA COLLECTION\\Skoda\\rapid.jpg	',20,1),
(147,'SUPERB','C:\\PROJECT DATA COLLECTION\\Skoda\\superb.jpg',20,1),
(148,'ES','http://localhost:8080/FOURWHEELDEALS/PROJECT%20DATA%20COLLECTION/Lexus/es.jpg',21,1),
(149,'NX300H','http://localhost:8080/FOURWHEELDEALS/PROJECT%20DATA%20COLLECTION/Lexus/nx300h.jpg',21,1),
(150,'LX','http://localhost:8080/FOURWHEELDEALS/PROJECT%20DATA%20COLLECTION/Lexus/lx.jpg',21,1),
(151,'RX','http://localhost:8080/FOURWHEELDEALS/PROJECT%20DATA%20COLLECTION/Lexus/rx.jpg',21,1),
(152,'LS 500H','http://localhost:8080/FOURWHEELDEALS/PROJECT%20DATA%20COLLECTION/Lexus/ls 500h.jpg',21,1),
(153,'488 GTB','http://localhost:8080/FOURWHEELDEALS/PROJECT%20DATA%20COLLECTION/Ferrari/488 gtb.jpg',22,1),
(154,'GTC4LUSSO','http://localhost:8080/FOURWHEELDEALS/PROJECT%20DATA%20COLLECTION/Ferrari/gtc4lusso.jpg',22,1),
(155,'812 SUPERFAST','http://localhost:8080/FOURWHEELDEALS/PROJECT%20DATA%20COLLECTION/Ferrari/812 superfast.jpg',22,1),
(156,'COMPASS','http://localhost:8080/FOURWHEELDEALS/PROJECT%20DATA%20COLLECTION/Jeep/compass.jpg',23,1),
(157,'GRAND CHEROKEE','http://localhost:8080/FOURWHEELDEALS/PROJECT%20DATA%20COLLECTION/Jeep/grand cherokee.jpg',23,1),
(158,'WRANGLER','http://localhost:8080/FOURWHEELDEALS/PROJECT%20DATA%20COLLECTION/Jeep/wrangler.jpg',23,1),
(159,'718 BOXSTER','C:\\PROJECT DATA COLLECTION\\Porsche\\718 boxstar.jpg',24,1),
(160,'718 CAYMAN','C:\\PROJECT DATA COLLECTION\\Porsche\\718 cayman.jpg',24,1),
(161,'911','C:\\PROJECT DATA COLLECTION\\Porsche\\911.jpg',24,1),
(162,'CAYENNE','C:\\PROJECT DATA COLLECTION\\Porsche\\cayenne.jpg',24,1),
(163,'MACAN','C:\\PROJECT DATA COLLECTION\\Porsche\\macan.jpg',24,1),
(164,'PANAMERA','C:\\PROJECT DATA COLLECTION\\Porsche\\panamera.jpg',24,1),
(165,'S60','C:\\PROJECT DATA COLLECTION\\Volvo\\s60.jpg',25,1),
(166,'S90','C:\\PROJECT DATA COLLECTION\\Volvo\\s90.jpg',25,1),
(167,'V40','C:\\PROJECT DATA COLLECTION\\Volvo\\v40.jpg',25,1),
(168,'V90','C:\\PROJECT DATA COLLECTION\\Volvo\\v90.jpg',25,1),
(169,'XC40','C:\\PROJECT DATA COLLECTION\\Volvo\\xc40.jpg',25,1),
(170,'XC60','C:\\PROJECT DATA COLLECTION\\Volvo\\xc60.jpg',25,1),
(171,'XC90','C:\\PROJECT DATA COLLECTION\\Volvo\\xc90.jpg',25,1);

/*Table structure for table `variant` */

DROP TABLE IF EXISTS `variant`;

CREATE TABLE `variant` (
  `id` int(11) NOT NULL,
  `modelid` int(11) DEFAULT NULL,
  `variant` varchar(50) DEFAULT NULL,
  `engine` varchar(50) DEFAULT NULL,
  `power` varchar(50) DEFAULT NULL,
  `torque` varchar(50) DEFAULT NULL,
  `transmission` varchar(50) DEFAULT NULL,
  `seatingcapacity` varchar(50) CHARACTER SET utf8mb4 COLLATE utf8mb4_0900_ai_ci DEFAULT NULL,
  `mileage` varchar(50) DEFAULT NULL,
  `price` varchar(50) DEFAULT NULL,
  `Fueltype` varchar(50) CHARACTER SET utf8mb4 COLLATE utf8mb4_0900_ai_ci DEFAULT NULL,
  PRIMARY KEY (`id`),
  KEY `varient_model_fk` (`modelid`),
  CONSTRAINT `varient_model_fk` FOREIGN KEY (`modelid`) REFERENCES `model` (`id`) ON DELETE CASCADE ON UPDATE CASCADE
) ENGINE=InnoDB DEFAULT CHARSET=utf8mb4 COLLATE=utf8mb4_0900_ai_ci;

/*Data for the table `variant` */

insert  into `variant`(`id`,`modelid`,`variant`,`engine`,`power`,`torque`,`transmission`,`seatingcapacity`,`mileage`,`price`,`Fueltype`) values 
(1,1,'LX','998 cc','68 bhp','90 nm','5 MT','5','24.7','3.57','petrol'),
(2,1,'LXO','998 cc','68 bhp','90 nm','5 MT','5','24.7','3.63','petrol'),
(3,1,'LXI','998 cc','68 bhp','90 nm','5 MT','5','24.7','3.73','petrol'),
(4,1,'LXIO','998 cc','68 bhp','90 nm','5 MT','5','24.7','3.79','petrol'),
(5,1,'LXI CNG','998 cc','59 bhp','78 nm','5 MT','5','32','4.41','CNG'),
(6,1,'VXI','998 cc','68 bhp','90 nm','5 MT','5','24.7','3.90','petrol'),
(7,1,'VXIO','998 cc','68 bhp','90 nm','5 MT','5','24.7','4.9','petrol'),
(8,1,'VXI AGS(O)','998 cc','68 bhp','90 nm','5 AT','5','24.7','4.42','petrol'),
(9,2,'STD','796 cc','48 bhp','69 nm','5 MT','5','25','2.74','petrol'),
(10,2,'LX','796 cc','48 bhp','69 nm','5 MT','5','25','3.6','petrol'),
(11,2,'LXO','796 cc','48 bhp','69 nm','5 MT','5','25','3.12','petrol'),
(12,2,'LXI','796 cc','48 bhp','69 nm','5 MT','5','25','3.32','petrol'),
(13,2,'LXIO','796 CC','48 bhp','69 nm','5 MT','5','25','3.38','petrol'),
(14,2,'VXI','796 cc','48 bhp','69 nm','5 MT','5','25','3.51','petrol'),
(15,2,'VXIO','796 cc','48 bhp','69 nm','5 MT','5','25','3.57','petrol'),
(16,2,'LXI CNG','796 cc','41 bhp','60 nm','5 MT','5','25','3.94','CNG'),
(17,3,'LXI','998 cc','68 bhp','90 nm','5 MT','5','20.51','4.38','petrol'),
(18,3,'LXIO','998 cc','68 bhp','90 nm','5 MT','5','20.51','4.75','petrol'),
(19,3,'LXI CNG','998 cc','58 bhp','58 nm','5 MT','5','25','4.96','petrol'),
(20,3,'VXI','998 cc','68 bhp','90 nm','5 MT','5','20.51','4.72','petrol'),
(21,3,'VXI AMT','998 cc','68 bhp','90 nm','5 AT','5','20.51','4.96','petrol'),
(22,3,'VXI +','998 cc','68 bhp','90 nm','5 MT','5','20.51','4.99','petrol'),
(23,3,'AMT VXI + O','998 cc','68 bhp','90 nm','5 MT','5','20.51','5.63','petrol'),
(24,4,'LXI','998 cc','68 bhp','90 nm','5 MT','5','23','4.42','petrol'),
(25,4,'VXI','998 cc','68 bhp','90 nm','5 MT','5','23','4.75','petrol'),
(26,4,'VXI AMT','998 cc','68 bhp','90 nm','5 AT','5','23','4.99','petrol'),
(27,4,'VXI CNG','998 cc','59 bhp','78 nm','5 MT','5','31.79','5.38','CNG'),
(28,4,'ZXI','998 cc','68 bhp','90 nm','5 MT','5','23','4.96','petrol'),
(29,4,'ZXI O AMT','998 cc','68 bhp','90 nm','5 AT','5','23','5.71','petrol'),
(30,5,'ZXI O AMT','998 cc','68 bhp','90 nm','5 AT','5','23','5.7','petrol'),
(31,6,'LXI','1197 cc','83 bhp','113 nm','5 MT','5','20','4.99','petrol'),
(32,6,'VXI','1197 cc','83 bhp','113 nm','5 MT','5','20','5.89','petrol'),
(33,6,'VXI AMT','1197 cc','83 bhp','113 nm','5 AT','5','20','6.66','petrol'),
(34,6,'ZXI','1197 cc','83 bhp','113 nm','5 MT','5','20','6.54','petrol'),
(35,6,'ZXI +','1197 cc','83 bhp','113 nm','5 MT','5','20','7.31','petrol'),
(36,6,'LDI','1248 cc','75 bhp','190 nm','5MT','5','20','5.99','diesel'),
(37,6,'VDI','1248 cc','75 bhp','190 nm','5 MT','5','20','6.87','diesel'),
(38,6,'ZDI +','1248 cc','75 bhp','190 nm','5 MT','5','20','8.29','diesel'),
(39,6,'ZDI + AMT','1248 cc','75  bhp','190 nm','5 AT','5','20','8.76','diesel'),
(40,7,'1.2 K12 SIGMA','1197cc','84 bhp','115 nm','5 MT','5','21','5.62','petrol'),
(41,7,'1.2 K12 DELTA','1197 cc','84 bhp','115 nm','5 MT','5','21','6.32','petrol'),
(42,7,'1.2 K12 ZETA','1197 cc','84 bhp','115 nm','5 MT','5','21','6.92','petrol'),
(43,7,'1.2 K12 ALPHA','1197 cc','84 bhp','115 nm','5 MT','5 ','21','7.63','petrol'),
(44,7,'1.3 DDiS 190 SIGMA','1248 cc','75 bhp','190 nm','5 AT','5 ','27','6.77','diesel'),
(45,7,'13. DDiS 190 ALPHA','1248 cc','75 bhp','190 nm','5 MT','5','27','8.78','diesel'),
(46,8,'1.2 K12 SIGMA','1197 cc','83 bhp','113 nm','5 MT','5','20.89','5.41','petrol'),
(47,8,'1.2 K12 ALPHA','1197 cc','83 bhp','113 nm','5 AT','5','20.89','8.15','petrol'),
(48,8,'1.3 DDiS DELTA','1248 CC','75 bhp','190 nm','5 MT','5','20.89','7.48','diesel'),
(49,8,'1.3 DDiS ALPHA','1248 cc','75 bhp','190 nm','5 MT','5','20.89','8.92','diesel'),
(50,8,'1.3 DDiS ALPHA AMT','1248 CC','75 bhp','190 nm','5 MT','5','20.89','9.53','diesel'),
(51,9,'1.0 BOOSTERJET RS','998 cc','102 bhp','150 nm','5 MT','5','21','8.71','petrol'),
(52,10,'LXI','1197 cc','83 bhp','113 nm','5 MT','5','22','5.6','petrol'),
(53,10,'VXI','1197 cc','83 bhp','113 nm','5 MT','5','22','6.48','petrol'),
(54,10,'ZXI AMT','1197 cc','83 bhp','113 nm','5 AT','5','22','7.57','petrol'),
(55,10,'LDi','1248 cc','75 bhp','190 nm','5MT','5','28','6.57','diesel'),
(56,10,'VDi','1248 cc','75 bhp','190 nm','5 MT','5 ','28','7.45','diesel'),
(57,10,'ZDI + AMT','1248 cc','75 bhp','190 nm','5 AT','5','28','9.44','diesel'),
(58,11,'1.5 VVT SHVS SIGMA','1462 cc','105 bhp','138 nm','5 MT','5','22','8.19','petrol'),
(59,11,'1.5 VVT SHVS DELTA','1462 cc','105 bhp','138 nm','5 MT','5','22','8.80','petrol'),
(60,11,'1.5 VVT SHVS ZETA','1462 cc','105 bhp','138 nm','5 MT','5','22 ','9.57','petrol'),
(61,11,'1.5 VVT SHVS ALPHA AMT','1462 cc','105 bhp','138 nm','4 AT','5','22','10.97','petrol'),
(62,11,'1.3 DDiS SHVS SIGMA','1248 cc','90 bhp','200 nm','5 MT','5','28','9.19','diesel'),
(63,11,'1.3 DDIS SHVS ALPHA ','1248 cc','90 bhp','200 nm','5 MT','5','28','10.97','diesel'),
(64,12,'1.3 DDis 200 SIGMA','1248 cc','90 bhp','200 nm','5 MT','5','25.1','8.85','diesel'),
(65,12,'1.3 DDis 200 DELTA','1248 cc','90 bhp','200 nm','5 MT','5','25.1','9.97','diesel'),
(66,12,'1.3 DDis 200 ZETA','1248 cc','90 bhp','200 nm','5 MT','5','25.1','10.45','diesel'),
(67,12,'1.3 DDis 200 ALPHA','1248 cc','90 bhp','200 nm','5 MT','5','25.1','11.45','diesel'),
(68,13,'1.3 DDiS 200 LDi','1248 cc','90 bhp','200 nm','5 MT','5','24','7.89','diesel'),
(69,13,'1.3 DDiS 200 VDi','1248 cc','90 bhp','200 nm','5 MT','5','24','8.56','diesel'),
(70,13,'1.3 DDiS 200 ZDi','1248 cc','90 bhp ','200 nm','5 MT','5','24','9.18','diesel'),
(71,13,'1.3 DDiS 200 ZDi+','1248 cc','90 bhp','200 nm','5 MT','5','24','10.08','diesel'),
(72,13,'1.3 DDiS 200 ZDi+ AMT','1248 cc','90 bhp','200 nm','5 AMT','5','24','10.84','diesel'),
(73,14,'LXi(O)','1373 cc','92 bhp','130 nm','5 MT','7','17','7.38','petrol'),
(74,14,'VXi ','1373 cc ','92 bhp','130 nm','5 MT','7','17','8.15','petrol'),
(75,14,'ZXi+','1373 cc','92 bhp','130 nm','5 MT','7','17','9.34','petrol'),
(76,14,'LDi(O) SHVS','1248 cc','90 bhp','200 nm','5 MT','7','25','9.40','diesel'),
(77,14,'ZDI+ SHVS','1248 cc','90 bhp','200 nm','5 MT','7','25','11.23','diesel'),
(78,15,'KING SOFT TOP','1298 cc','83 bhp','103 nm','5 MT','8','12','6.68','petrol'),
(79,15,'KING HARD TOP','1298 cc','83 bhp','103 nm','5 MT','8','12','6.83','petrol'),
(80,16,'5-seater','796 cc','35 bhp','59 nm','4 MT','5','17','3.09','petrol'),
(81,16,'8-seater','796 cc','35 bhp','59 nm','4 MT','8','17','3.11','petrol'),
(82,17,'AC 5-seater','1196 cc','73 bhp','101 nm','5 MT','5','16','4.6','petrol'),
(83,17,'AC 5-SEATER CNG','1196 cc','64 bhp','101 nm','5 MT','5','20','4.78','CNG'),
(84,17,'STD 7-SEATER','1196 cc','73 bhp','101 nm','5 MT','7','16','3.93','petrol'),
(85,18,'XE ','624 cc','38 bhp','51 nm','4 MT','4','22','2.53','petrol'),
(86,18,'XMA','624 cc','38 bhp','51 nm','5 AT','4','22','3.26','petrol'),
(87,18,'XTA','624 cc','38 bhp','51 nm','5 AT','4','22','3.44','petrol'),
(88,19,'REVOTRON','1199 cc','85 bhp','114 nm','5 MT','5','24','5.46','petrol'),
(89,19,'REVOTRON XZA AT','1199 cc','85 bph','114 nm','5 AT','5','24','6.63','petrol'),
(90,19,'REVOTORQ XT','1047 cc','70 bhp','114 nm','5 MT','5','27','6.5','diesel'),
(91,19,'REVOTORQ XZ','1047 cc','70 bhp','114 nm','5 MT','5','27','7.11','diesel'),
(92,20,'XMS REVOTRON','1093 cc','90 bhp','140 nm','5 MT','5','18','6.91','petrol'),
(93,20,'XT REVOTRON','1093 cc','90 bhp','140 nm','5 MT','5','18','7.66','petrol'),
(94,20,'XM QUADRAJET','1248 cc','75 bhp','190 nm','5 MT','5','23','8.00','diesel'),
(95,20,'XT QUADRAJET','1248 cc','75 bhp','190 nm','5 MT','5','23','8.77','diesel'),
(96,21,'REVOTRON XM','1199 cc','85 bhp','114 nm','5 MT','5','24','6.59','PETROL'),
(97,21,'REVOTRON XT','1199 cc','85 bhp','114 nm','5 MT','5','24','6.68','petrol'),
(98,21,'REVOTRON XZA AT','1199 cc','85 bhp','114 nm','5 AT','5','24','7.81','petrol'),
(99,21,'REVOTORQ XM','1047 cc','70 bhp','114 nm','5 MT','5','27','7.55','diesel'),
(100,21,'REVOTROQ XZO','1047 cc','70 bhp','114 nm','5 MT','5','27','8.64','diesel'),
(101,22,'REVOTRON XMS','1193 cc','90bhp','140 nm','5 MT','5','18','7.49','petrol'),
(102,22,'QUADRAJET 90PS XTA','1248 CC','90 bhp','200 nm','5 AT','5','23','10.37','diesel'),
(103,23,'REVOTRON XZ+ ','1198 cc','110 bhp','170 nm','6 MT','5','17','10.33','petrol'),
(104,23,'REVOTORQ XZA AT','1497 cc','110 bhp','260 nm','6 MT','5','22','12.65','diesel'),
(105,24,'VARICOR 400 XMA 7-SEATER','2179 CC','156 bhp','400 nm','6 AT','7','14','18.58','diesel'),
(106,24,'VARICOR 400 XT 4X4','2179 cc','156 BHP','400 nm','6 MT','7','14','22.13','diesel'),
(107,25,'STORME 2.2 VARICOR 400VX 4X4','2179 cc','156 bhp','400 nm','6 MT','7','14','19.76','diesel'),
(108,26,'1.2 i-VTEC S','1198 cc','89 bhp','109 nm','5 MT','5','19','6.7','petrol'),
(109,26,'1.2 i-VTEC VX AT','1198 cc','89 bhp','109 nm','5 AT','5','19','7.88','petrol'),
(110,27,'1.2 i-VTEC V','1199 cc','90 bhp','110 nm','5 MT','5','19','8.07','petrol'),
(111,27,'1.5 i-DTEC VCVT','1498 cc','100 bhp','200 nm','CVT','5','24','10.16','diesel'),
(112,28,'1.2 i-VTEC VXCVT','1199 cc','90 bhp','110 nm','CVT','5','18','10.18','petrol'),
(113,28,'1.5 i-DTECH VX','1498 cc','100 bhp','200 nm','6 MT','5','27','10.49','diesel'),
(114,29,'1.2 i-VTEC VX','1199 cc','90 bhp','200 nm','5 MT','5 ','18','10.47','petrol'),
(115,29,'1.5 i-DTECH VX','1498 cc','100 bhp','200 nm','5 MT','5','26','11.76','diesel'),
(116,30,'1.5 i-VTEC VX','1497 cc','119 bhp','145 nm','5 MT','5','17','13.89','petrol'),
(117,30,'1.5 i-VTEC ZX CVT','1497 cc','119 bhp','145 nm','CVT','5','17','15.76','petrol'),
(118,30,'1.5 i-DTEC ZX','1498 cc','100 bhp','200 nm','6 MT','5','26','16.58','diesel'),
(119,31,'1.5 i-VTEC VX','1497 cc','119 bhp','145 nm','6 MT','7','15','14.58','petrol'),
(120,31,'1.5 i-VTEC VCVT','1497 cc','119 bhp','145 nm','CVT','7','15','14.74','PETROL'),
(121,31,'1.5 I-DTECH VX','1498 cc','100 bhp','200 nm','6 MT','7','22','16.19','diesel'),
(122,32,'2.0 2WD','1997 cc','156 bhp','190 nm','6 MT','7','14','27.82','petrol'),
(123,32,'2.4 AWD','2352 cc','190 bhp','226 nm','5 MT','7','14','30','petrol'),
(124,33,'2.0 i-VTECH HYBRID','1993 cc','145 bhp','175 nm','CVT','5','23','43.21','petrol'),
(125,34,'1.2 TITANIUM','1196 cc','88 bhp','112 nm','5 MT','5`','17','7.24','petrol'),
(126,34,'1.2 AMBIENTE','1196 cc','88 bhp','112 nm','5 MT','5','17','5.51','petrol'),
(127,34,'1.5 AMBIENT','1498 cc','100 bhp','215 nm','5 MT','5','26','6.70','diesel'),
(128,34,'1.5 TITANIUM SPORT EDITION','1498 CC','100 bhp','205 nm','5 MT','5','26','8.87','diesel'),
(129,35,'1.2 AMBIENT','1196 cc','88 bhp','112 nm','5 MT','5','16','6.53','petrol'),
(130,35,'1.2 TITANIUM +','1196 cc','100 bhp','215 nm','5 MT','5','16','8.44','PETROL'),
(131,35,'1.5 TITANIUM +','1498 cc','100 bhp','215 nm','5 MT','5','26','9.88','petrol'),
(132,36,'1.5 AMBIENT ','1497 cc','123 bhp','150 nm','5 MT','5','15','8.97','PETROL'),
(133,36,'1.5 TITANIUM +','1497 cc','123 bhp','150 nm','5 MT','5','15','12.01','PETROL'),
(134,36,'1.5 SIGNATUR','1497','123','150','5 MT','5','15','12.42','PETROL'),
(135,36,'1.5 TITANIUM +','1498','100','205','5 MT','5','15','13.28','DIESEL'),
(136,37,'2.2 L4X2 TREND','2198','160','385','6 AT','7','13','26.14','DIESEL'),
(137,37,'2.2 L4X2 TITANIUM AT','2198','160','385','6 AT','7','13','26.54','DIESEL'),
(138,37,'3.2 L4X4 TITANIUM AT','3198','200','470','6 AT','7','13','26.15','DIESEL'),
(139,38,'1.2 AMBIENT','1194','96','120','5 MT','5','19','5.77','PETROL'),
(140,38,'1.2 TITANIUM +','1194','96','120','5 MT','5','19','8.7','PETROL'),
(141,38,'1.5 AMBIENTE','1498','100','215','5 MT','5','24','7.15','DIESEL'),
(142,38,'1.5 TITANIUM +','1498','100','215','5 MT','5','24','9.17','DIESEL'),
(143,39,'MUSTANG GT FASTBACK','4951','401','515','6 AT','2','13','87.53','PETROL'),
(144,40,'0.8 iRDE D-LITE+','814','56','75','5 MT','5','17.5','4.31','PETROL'),
(145,40,'0.8 iRDE ERA+(O)','814','56','75','5 MT','5','17.5','4.56','PETROL'),
(146,40,'0.8 iRDE ERA+ (O) LPG','814','56','75','5 MT','5','21','4.47','LPG'),
(147,40,'1.0 LITRE KAPPA MAGNA (O)','998','69','94','5 MT','5','20.3','5.13','PETROL'),
(148,41,'D-LITE','1086','68','99','5 MT','5','20.3','3.9','PETROL'),
(149,41,'ERA','1086','68','99','5 MT','5','20.3','4.25','PETROL'),
(150,41,'MAGNA','1086','68','99','5 MT','5','20.3','4.58','PETROL'),
(151,41,'MAGNA AMT','1086','68','99','5 MT','5','20.3','5.19','PETROL'),
(152,41,'ASTA','1086','68','99','5 MT','5','20.3','5.46','PETROL'),
(153,42,'1.2 KAPPA MAGNA','1197','83','114','5 MT','5','16.3','6.36','PETROL'),
(154,42,'1.2 KAPPA ASTA','1197','83','114','5 MT','5 ','16.3','7.66','PETROL'),
(155,42,'1.2 U2 CRDI MAGNA','1120','71','160','5 MT','5','25','7.6','DIESEL'),
(156,42,'1.2 U2 CRDI ASTA','1120','71','160','5 MT','5','25','8.91','DIESEL'),
(157,43,'1.2 KAPPA E+','1197','83','114','5 MT','5','16.3','6.94','PETROL'),
(158,43,'1.2 KAPPA SX(O)','1197','83','114','5 MT','5','16.3','8.95','PETROL'),
(159,43,'1.2 U2 CRDI E+','1186','75','190','5 MT','5','25','8.36','DIESEL'),
(160,43,'1.2 U2 CRDI SX(o)','1186','75','190','5 MT','5','25','10.17','DIESEL'),
(161,44,'1.2 KAPPA MAGNA EXECU','1186','75','190','5 MT','5','15','6.95','PETROL'),
(162,44,'1.2 KAPPA ASTA (o)','1186','75','190','5 MT','5','15','7.66','PETROL'),
(163,44,'1.2 U2 CRDI MAGNA EXECU','1396','90','220','6 MT','5','19.5','8.82','DIESEL'),
(164,44,'1.4 CRDI ASTA (O)','1396','90','220','6 MT','5','19.5','10.90','DIESEL'),
(165,45,'i20 ACTIVE CRDI SX','1398','90','220','6 MT','5','19.5','11.56','DIESEL'),
(166,46,'1.4 VTVT EX','1368','100','132','6 MT','5','13','10.12','PETROL'),
(167,46,'1.6 VTVT SX(O) AMT','1591','123','151','6 AT','5','12.3','15.22','PETROL'),
(168,46,'1.6 CRDI EX','1582','128','260','6 MT','5','18.5','12.97','DIESEL'),
(169,46,'1.6 CRDI SX(o)','1582','128','260','6 MT','5','18.5','15.84','DIESEL'),
(170,47,'2.0 Nu SX','1999','152','192','6 MT','5','11.8','18.24','PETROL'),
(171,47,'2.0 NU SX(O) AMT','1999','152','192','6 AT','5','11.8','22.17','PETROL'),
(172,47,'1.6 CRDI VGT S','1582','128','260','6 MT','5','17.7','18.57','DIESEL'),
(173,47,'1.6 CRDI VGT SX','1582','128','260','6 MT','5','17.7','20.44','DIESEL'),
(174,48,'1.6 E+','1591','123','151','6 MT','5','15.5','11.84','PETROL'),
(175,48,'1.6 SX (O)','1591','123','151','6 MT','5','15.5','16.38','PETROL'),
(176,48,'1.4 CRDI S','1396','90','220','6 MT','5','19.6','14.42','DIESEL'),
(177,48,'1.6 CRDI SX AMT','1582','128','260','6 AT','5','17','18.33','DIESEL'),
(178,48,'1.6 CRDI SX(o)','1582','128','260','6 MT','5','19','18.5','DIESEL'),
(179,49,'Nu 2.0 2WD MT','1999','155','192','6 MT','5','11.8','21.86','PETROL'),
(180,49,'R 2.0 4WD GLS AT','1995','185','400','6 AT','5','12.7','31.28','DIESEL'),
(181,50,'STANDERD','799','54','72','5 MT','5','15.3','3.35','PETROL'),
(182,50,'RXT','799','54','72','5 MT','5','15.3','4.46','PETROL'),
(183,50,'1.0 RXT','999','68','91','5 MT','5','18','4.71','PETROL'),
(184,50,'1.0 CLIMBER AMT','999','68','9','5 MT','5','18','5.45','PETROL'),
(185,51,'106PS RXL','1498','106','142','5 MT','5','13','10.42','PETROL'),
(186,51,'106 PS RXS CVT','1498','106','142','5 MT','5','13','11.62','PETROL'),
(187,51,'85 PS RXS','1461','85','2000','5 MT','5','19.87','11.67','DIESEL'),
(188,51,'110 PS RXL','1461','110','245','6 MT','5','19.6','14.00','DIESEL'),
(189,51,'110 PS RXL AMT','1461','110','245','6 AT','5','19.6','16.10','DIESEL'),
(190,52,'85 PS STANDARD(8 SEATRER)','1461','85','200','5 MT','8','21.04','10.22','DIESEL'),
(191,52,'85 PS RXE (8 SEATER)','1461','85','200','5 MT','8','21.04','11.71','DIESEL'),
(192,52,'110 PS RXZ STEPWAY','1461','110','245','5 MT','8','17.5','13.86','DIESEL'),
(193,52,'110 PS RXZ STEPWY(7 SEATER)','1461','110','245','5 MT','7','18','15.14','DIESEL'),
(194,52,'110 PS WORLD EDITION RXL','1461','110','245','5 MT','8','17.5','14.97','DIESEL'),
(195,53,'RXE PETROL','1498','106','148','5 MT','5','13.87','11.57','PETROL'),
(196,53,'RXL PETROL','1498','106','148','5 MT','5','13.87','13.33','PETROL'),
(197,53,'RXE DIESEL','1461','110','240','6 MT','5','20.37','14.2','DIESEL'),
(198,53,'PLATINE DIESEL MONO TONE','1461','110','240','6 MT','5','20.37','17.6','DIESEL'),
(199,54,'1.0 MPI TRENDLINE PETROL','999','76','95','5 MT','5','18.78','6.55','DIESEL'),
(200,54,'1.0 MPI COMFORTLINE','999','76','95','5 MT','5','18.77','7.18','PETROL'),
(201,54,'1.5 TDI TRENDLINE','1498','90','230','5 MT','5','20.14','11.30','DIESEL'),
(202,55,'GT TSI PETROL','1197','105','175','7 AT','5','19.78','10.98','PETROLE'),
(203,55,'GT TDI M/T DIESEL','1498','105','250','5 MT','5','19.78','11.38','DIESEL'),
(204,56,'1.6 MPI TRENDLINE ','1598','105','153','5 MT','5','15.04','10','PETROL'),
(205,56,'1.6 COMFORTLINE','1598','105','153','5 MT','5','15.04','11.11','PETROL'),
(206,56,'1.2 TSI COMFORTLINE AMT','1197','105','153','7 AT','5','20.34','12.87','PETROL'),
(207,56,'1.6 MPI HIGHLINE ','1598','105','153','5 MT','5','20.34','11.97','PETROL'),
(208,56,'1.5 TDITRENDLINE M/T','1498','110','250','5 MT','5','20.34','11.33','DIESEL'),
(209,56,'1.5 TDI COMFORTLINE A/T','1498','110','250','5 AT','5','21.21','14.53','DIESEL'),
(210,56,'1.5 TDI HIGHLINE M/T','1498','110','250','5 MT','5','20.31','14.39','DIESEL'),
(211,56,'1.5 TDI HIGHLINE A/T','1498','110','250','7 AT','5','21.21','15.79','DIESEL'),
(212,56,'1.5 TDI SPORT M/T','1498','110','250','5 MT','5','20.34','15.14','DIESEL'),
(213,56,'1.5 TDI SPORT A/T','1498','110','250','7 AT','5','21.21','15.59','DIESEL'),
(214,57,'1.0 Trendline ','999','76','95','5 MT','5','21.66','6.64','PETROL'),
(215,57,'1.5 MPi Highline','999','76','95','5 MT','5','21.66','8.86','PETROL'),
(216,57,'1.5 TDi ','1498','110','250','5 MT','5','21.73','9.00','DIESEL'),
(217,57,'1.5 TDi Comfortline','1498','110','250','7 AT','5','21.73','10.83','DIESEL'),
(218,58,'Comfortline fourmotion','1968','143','340','7 AT','5','17','33.50','DIESEL'),
(219,58,'Highline fourmotion','1968','143','340','7 AT','5','17','37.56','DIESEL'),
(220,59,'Comfortline','1968','177','350','6 AT','5','17.42','36.57','DIESEL'),
(221,59,'Highline','1968','177','350','6 AT','5','17.42','40.17','DIESEL'),
(222,60,'1.2 mFalcon G80 K2','1198','83','115','5 MT','5','13.35','5.39','PETROL'),
(223,60,'1.2 mFalcon G80 K8','1198','83','115','5 MT','5','13.35','7.69','PETROL'),
(224,60,'1.2 mFalcon D75 K2','1198','78','190','5 MT','5','15.15','6.56','DIESEL'),
(225,60,'1.2 mFalcon D75 K8','1198','78','190','5 MT','5','15.15','8.77','DIESEL'),
(226,61,'1.5 mHAWK N4','1493','100','240','5 MT','7','13','9.03','DIESEL'),
(227,61,'1.5 mHAWK N8 AMT','1493','100','240','5 AT','7','12.15','12.45','DIESEL'),
(228,62,'mHAWK80 T4','1493','84','230','5 MT','7','13.49','8.94','DIESEL'),
(229,62,'PLUS P8','2179','120','280','6 MT','7','13.49','13.35','DIESEL'),
(230,63,'CRDE 4X4','2498','105','247','5 MT','6','13.28','10.65','DIESEL'),
(231,64,'G 4X2 AMT','2179','140','230','6 AT','7','14','18.65','PETROL'),
(232,64,'W9 4X2','2179','155','360','6 MT','7','15.01','18.41','DIESEL'),
(233,64,'W11 4X2','2179','155','360','6 MT','7','15.01','19.84','DIESEL'),
(234,64,'W11(O) AWD','2179','155','360','6 MT','7','15.01','21.46','DIESEL'),
(235,65,'POWER+ ZLX','1493','71','195','5 MT','9','15.04','9.67','DIESEL'),
(236,66,'S11 4WD','2179','140','320','6 MT','7','15.04','19.96','DIESEL'),
(237,67,'D6 ','1461','65','160','5 MT','5','20.8','8.70','DIESEL'),
(238,68,'D6 EXECUTIVE','1461','65','160','5 MT','5','20.8','8.36','DIESEL'),
(239,69,'H8 ABS+AIRBAG','2179','124','280','5 MT','7','14.88','14.33','DIESEL'),
(240,70,'M8 7-SEATER ','1497','123','300','6 MT','7','14.55','17.03','DIESEL'),
(241,71,'GX','1197','80','104','5 MT','5','18.16','6.34','PETROL'),
(242,71,'CROSS VD','1364','68','170','5 MT','5','23.59','9.47','DIESEL'),
(243,72,'GX','1496','90','132','5 MT','5','16.78','8.13','PETROL'),
(244,72,'GXD','1364','68','170','5 MT','5','23.59','9.38','DIESEL'),
(245,72,'VXD','1364','68','170','5 MT','5','23.59','10.50','DIESEL'),
(246,73,'CROSS GD','1364','68','170','5 MT','5','23.59','9.11','DIESEL'),
(247,74,'VX CVT','1496','107','140','CVT','5','17.01','16.91','PETROL'),
(248,75,'2.8 TOURING SPORT 7-SEATER','2393','150','343','5 MT','7','14.29','22.36','DIESEL'),
(249,76,'2.7 GX MT 7-SEATER','2694','166','245','5 MT','7','15.01','17.53','PETROL'),
(250,76,'2.8 ZX AT 7-SEATER','2755','174','360','6 AT','7','14.29','26.10','DIESEL'),
(251,77,'1.8 G','1798','140','173','6 MT','5','14.23','19.50','PETROL'),
(252,77,'D-4D GL','1364','88','205','6 MT','5','24','23.15','DIESEL'),
(253,78,'2.7 4X2 MT','2649','166','245','5 MT','7','10.07','32.16','PETROL'),
(254,78,'2.8 4X2 AT TRD SPORTIVO','2755','177','450','6 AT','7','14','35.86','DIESEL'),
(255,79,'HYBRID','2494','160','213','CVT','5','12.98','44.69','PETROL'),
(256,80,'Z8 HYBRID','1798','98','142','CVT','5','17','54','PETROL/ELECTRIC'),
(257,81,'prado 4X4','2982','173','410','5 AT','7','11.13','94.40','DIESEL'),
(258,82,'VX','4461','265','650','6 AT','7','9.65','164.88','DIESEL'),
(259,83,'XPEDITION 5-DOOR','2596','85','230','5 MT','7','17','9.5','DIESEL'),
(260,83,'XPEDITION 3-DOOR','2596','85','230','5 MT','5','17.0','9.11','DIESEL'),
(261,84,NULL,NULL,NULL,NULL,NULL,NULL,NULL,NULL,NULL);

/*!40101 SET SQL_MODE=@OLD_SQL_MODE */;
/*!40014 SET FOREIGN_KEY_CHECKS=@OLD_FOREIGN_KEY_CHECKS */;
/*!40014 SET UNIQUE_CHECKS=@OLD_UNIQUE_CHECKS */;
/*!40111 SET SQL_NOTES=@OLD_SQL_NOTES */;
